PMM04A,A01,Negative Control,"C-Source, negative control",,,,,,CAS Negative Control
PMM04A,A02,Negative Control,"C-Source, negative control",,,,,,CAS Negative Control
PMM04A,A03,Negative Control,"C-Source, negative control",,,,,,CAS Negative Control
PMM04A,A04,Phe-Gly,"N-Source, peptide",,,,,,CAS 721-90-4
PMM04A,A05,Phe-Ile,"N-Source, peptide",,,,,,CAS 22951-94-6
PMM04A,A06,Phe-Met,"N-Source, peptide",,,,,,CAS 15080-84-9
PMM04A,A07,Phe-Phe,"N-Source, peptide",,,,,,CAS 2577-40-4
PMM04A,A08,Phe-Pro,"N-Source, peptide",,,,,,CAS 7669-65-0
PMM04A,A09,Phe-Ser,"N-Source, peptide",,,,,,CAS 16053-39-7
PMM04A,A10,Phe-Trp,"N-Source, peptide",,,,,C02732,CAS 24587-41-5
PMM04A,A11,Phe-Tyr,"N-Source, peptide",,,,,C05039,CAS 17355-18-9
PMM04A,A12,Phe-Val,"N-Source, peptide",,,,,,CAS 3918-90-9
PMM04A,B01,Pro-Ala,"N-Source, peptide",,,,,,CAS 6422-36-2
PMM04A,B02,Pro-Arg,"N-Source, peptide",,,,,C05034,CAS 2418-74-8
PMM04A,B03,Pro-Asn,"N-Source, peptide",,,,,,CAS 107856-82-6
PMM04A,B04,Pro-Asp,"N-Source, peptide",,,,,C02871,CAS 85227-98-1
PMM04A,B05,Pro-Glu,"N-Source, peptide",,,,,,CAS 67644-00-2
PMM04A,B06,Pro-Gln,"N-Source, peptide",,,,,,CAS 18668-08-1
PMM04A,B07,Pro-Gly,"N-Source, peptide",,,,,,CAS 2578-57-6
PMM04A,B08,Pro-Hyp,"N-Source, peptide",,,,,,CAS 18684-24-7
PMM04A,B09,Pro-lle,"N-Source, peptide",,,,,,CAS 51926-51-3
PMM04A,B10,Pro-Leu,"N-Source, peptide",,,,,C05035,CAS 52899-07-7
PMM04A,B11,Pro-Lys,"N-Source, peptide",,,,,C05036,CAS 71227-70-8
PMM04A,B12,Pro-Phe,"N-Source, peptide",,,,,,CAS 13589-02-1
PMM04A,C01,Pro-Pro,"N-Source, peptide",,,,,,CAS 76932-06-4
PMM04A,C02,Pro-Ser,"N-Source, peptide",,,,,,CAS 76932-06-4
PMM04A,C03,Pro-Trp,"N-Source, peptide",,,,,C02732,CAS 35310-39-5
PMM04A,C04,Pro-Tyr,"N-Source, peptide",,,,,C05039,CAS 19786-36-8
PMM04A,C05,Pro-Val,"N-Source, peptide",,,,,,CAS 52899-09-9
PMM04A,C06,Ser-Ala,"N-Source, peptide",,,,,,CAS 6403-17-4
PMM04A,C07,Ser-Asn,"N-Source, peptide",,,,,,CAS 81466-41-3
PMM04A,C08,Ser-Asp,"N-Source, peptide",,,,,C02871,CAS 2543-31-9
PMM04A,C09,Ser-Glu,"N-Source, peptide",,,,,,CAS 6403-16-3
PMM04A,C10,Ser-Gln,"N-Source, peptide",,,,,,CAS 94421-66-6
PMM04A,C11,Ser-Gly,"N-Source, peptide",,,,,,CAS 687-63-8
PMM04A,C12,Ser-His,"N-Source, peptide",,,,,,CAS 67726-09-4
PMM04A,D01,Ser-Leu,"N-Source, peptide",,,,,C05035,CAS 6665-16-3
PMM04A,D02,Ser-Met,"N-Source, peptide",,,,,,CAS 3227-09-6
PMM04A,D03,Ser-Phe,"N-Source, peptide",,,,,,CAS 16875-28-8
PMM04A,D04,Ser-Pro,"N-Source, peptide",,,,,,CAS 23827-93-2
PMM04A,D05,Ser-Ser,"N-Source, peptide",,,,,,CAS 6620-95-7
PMM04A,D06,Ser-Tyr,"N-Source, peptide",,,,,C05039,CAS 21435-27-8
PMM04A,D07,Ser-Val,"N-Source, peptide",,,,,,CAS 51782-06-0
PMM04A,D08,Thr-Ala,"N-Source, peptide",,,,,,CAS 56217-50-6
PMM04A,D09,Thr-Arg,"N-Source, peptide",,,,,C05034,CAS 13448-26-5
PMM04A,D10,Thr-Asp,"N-Source, peptide",,,,,C02871,CAS 108320-97-4
PMM04A,D11,Thr-Glu,"N-Source, peptide",,,,,,CAS 54532-73-9
PMM04A,D12,Thr-Gln,"N-Source, peptide",,,,,,CAS 96337-79-0
PMM04A,E01,Thr-Gly,"N-Source, peptide",,,,,,CAS 686-44-2
PMM04A,E02,Thr-Leu,"N-Source, peptide",,,,,C05035,CAS 50299-12-2
PMM04A,E03,Thr-Met,"N-Source, peptide",,,,,,CAS 90729-28-5
PMM04A,E04,Thr-Phe,"N-Source, peptide",,,,,,CAS 16875-27-7
PMM04A,E05,Thr-Pro,"N-Source, peptide",,,,,,CAS 281670-51-7
PMM04A,E06,Thr-Ser,"N-Source, peptide",,,,,,CAS 61043-86-5
PMM04A,E07,Trp-Ala,"N-Source, peptide",,,,,,CAS 24046-71-7
PMM04A,E08,Trp-Arg,"N-Source, peptide",,,,,C05034,CAS 88831-09-8
PMM04A,E09,Trp-Asp,"N-Source, peptide",,,,,C02871,CAS 71835-78-4
PMM04A,E10,Trp-Glu,"N-Source, peptide",,,,,,CAS 36099-95-3
PMM04A,E11,Trp-Gly,"N-Source, peptide",,,,,,CAS 7360-09-0
PMM04A,E12,Trp-Leu,"N-Source, peptide",,,,,C05035,CAS 13123-35-8
PMM04A,F01,Trp-Lys,"N-Source, peptide",,,,,C05036,CAS 51790-14-8
PMM04A,F02,Trp-Phe,"N-Source, peptide",,,,,,CAS 6686-02-8
PMM04A,F03,Trp-Ser,"N-Source, peptide",,,,,,CAS 133101-40-3
PMM04A,F04,Trp-Trp,"N-Source, peptide",,,,,C02732,CAS 20696-60-0
PMM04A,F05,Trp-Tyr,"N-Source, peptide",,,,,C05039,CAS 19653-76-0
PMM04A,F06,Trp-Val,"N-Source, peptide",,,,,,CAS 24613-12-5
PMM04A,F07,Tyr-Ala,"N-Source, peptide",,,,,,CAS 730-08-5
PMM04A,F08,Tyr-Gln,"N-Source, peptide",,,,,,CAS 28252-40-6
PMM04A,F09,Tyr-Glu,"N-Source, peptide",,,,,,CAS 2545-89-3
PMM04A,F10,Tyr-Gly,"N-Source, peptide",,,,,,CAS 673-08-5
PMM04A,F11,Tyr-His,"N-Source, peptide",,,,,,CAS 3788-44-1
PMM04A,F12,Tyr-Ile,"N-Source, peptide",,,,,,CAS 40829-32-1
PMM04A,G01,Tyr-Leu,"N-Source, peptide",,,,,C05035,CAS 17355-10-1
PMM04A,G02,Tyr-Lys,"N-Source, peptide",,,,,C05036,CAS 54925-88-1
PMM04A,G03,Tyr-Phe,"N-Source, peptide",,,,,,CAS 17355-11-2
PMM04A,G04,Tyr-Trp,"N-Source, peptide",,,,,C02732,CAS 60815-41-0
PMM04A,G05,Tyr-Tyr,"N-Source, peptide",,,,,C05039,CAS 1050-28-8
PMM04A,G06,Tyr-Val,"N-Source, peptide",,,,,,CAS 17355-09-8
PMM04A,G07,Val-Ala,"N-Source, peptide",,,,,,CAS 27493-61-4
PMM04A,G08,Val-Arg,"N-Source, peptide",,,,,C05034,CAS 37682-75-0
PMM04A,G09,Val-Asn,"N-Source, peptide",,,,,,CAS 66170-00-1
PMM04A,G10,Val-Asp,"N-Source, peptide",,,,,C02871,CAS 20556-16-5
PMM04A,G11,Val-Glu,"N-Source, peptide",,,,,,CAS 3062-07-5
PMM04A,G12,Val-Gln,"N-Source, peptide",,,,,,CAS 42854-54-6
PMM04A,H01,Val-Gly,"N-Source, peptide",,,,,,CAS 686-43-1
PMM04A,H02,Val-His,"N-Source, peptide",,,,,,CAS 13589-07-6
PMM04A,H03,Val-Ile,"N-Source, peptide",,,,,,CAS 20556-14-3
PMM04A,H04,Val-Leu,"N-Source, peptide",,,,,C05035,CAS 95977-55-2
PMM04A,H05,Val-Lys,"N-Source, peptide",,,,,C05036,CAS 22677-62-9
PMM04A,H06,Val-Met,"N-Source, peptide",,,,,,CAS 14486-09-0
PMM04A,H07,Val-Phe,"N-Source, peptide",,,,,,CAS 3918-92-1
PMM04A,H08,Val-Pro,"N-Source, peptide",,,,,,CAS 105931-64-4
PMM04A,H09,Val-Ser,"N-Source, peptide",,,,,,CAS 13588-94-8
PMM04A,H10,Val-Tyr,"N-Source, peptide",,,,,C05039,CAS 3061-91-4
PMM04A,H11,Val-Val,"N-Source, peptide",,,,,,CAS 3918-94-3
PMM04A,H12,D-(+)-Glucose,"C-Source, carbohydrate",,,,,C00031,CAS 50-99-7
